task,target,model,branch,cv_auroc,cv_auroc_se,cv_auroc_ci_low,cv_auroc_ci_high,pair_weighted_auroc,confidence,n_predictions,n_patients,n_folds,cross_class_tied_pairs,ci_method,balanced_accuracy,balanced_accuracy_se,balanced_accuracy_ci_low,balanced_accuracy_ci_high,balanced_accuracy_ci_method,sensitivity,specificity,accuracy,accuracy_ci_low,accuracy_ci_high,sensitivity_ci_low,sensitivity_ci_high,specificity_ci_low,specificity_ci_high,precision,precision_ci_low,precision_ci_high,f1,f1_ci_low,f1_ci_high,average_precision,average_precision_ci_low,average_precision_ci_high
diagnosis,patient_diagnosis_label,biot,frozen,0.876,0.03133528362724678,0.8145839726452487,0.9374160273547513,0.876,0.95,200,100,5,0,LeDell2015_influence_function_patient_cluster,0.815,0.03050409808533929,0.7552130663718577,0.8747869336281422,patient_cluster_delta_method,0.8,0.83,0.815,0.7551408259746073,0.8748591740253926,0.7123477459423443,0.8876522540576558,0.7486673983618197,0.9113326016381802,0.8247422680412372,0.7339498840132964,0.915534652069178,0.8121827411167514,0.74382855799177,0.8805369242417328,0.8993686459624888,0.8414906472607524,0.9572466446642252
diagnosis,clinician_diagnosis_label,biot,frozen,0.8842117506041317,0.02821794300276578,0.8289055986009067,0.9395179026073567,0.8843058350100603,0.95,200,100,5,0,LeDell2015_influence_function_patient_cluster,0.8149038461538461,0.029789047410163715,0.7565183860961691,0.8732893062115232,patient_cluster_delta_method,0.8125000000000001,0.8173076923076923,0.815,0.7567672963536162,0.8732327036463837,0.725487158396143,0.8995128416038572,0.7368583457136756,0.897757038901709,0.8041237113402062,0.7107053483570005,0.8975420743234119,0.8082901554404146,0.7386806770351205,0.8778996338457087,0.8994814083600678,0.8431231061712604,0.9558397105488753
diagnosis,patient_diagnosis_label,biot,finetuned,0.9715,0.011324751652906124,0.9493038946264436,0.9936961053735565,0.9715,0.95,200,100,5,0,LeDell2015_influence_function_patient_cluster,0.905,0.023075961518428653,0.8597719465152477,0.9502280534847524,patient_cluster_delta_method,0.92,0.89,0.905,0.8596764950123441,0.9503235049876559,0.8621229571276737,0.9778770428723264,0.8204834178311898,0.9595165821688102,0.8932038834951457,0.822011432679806,0.9643963343104853,0.9064039408866996,0.8583802434696336,0.9544276383037656,0.9733030071400315,0.950520429447213,0.9960855848328499
diagnosis,clinician_diagnosis_label,biot,finetuned,0.9496640963021363,0.016651841670648676,0.9170270863514016,0.982301106252871,0.9496981891348089,0.95,200,100,5,0,LeDell2015_influence_function_patient_cluster,0.8661858974358975,0.02761629589727878,0.8120589520908298,0.9203128427809651,patient_cluster_delta_method,0.8958333333333334,0.8365384615384615,0.865,0.8098156138015009,0.9201843861984991,0.8290970518519141,0.9625696148147527,0.7523927522274241,0.9206841708494988,0.8349514563106796,0.7463603044186379,0.9235426082027213,0.864321608040201,0.8028040009918673,0.9258392150885346,0.9540767288246105,0.9213031523811288,0.9868503052680921
diagnosis,patient_diagnosis_label,labram,frozen,0.9480000000000001,0.01785777141750896,0.9129994111775337,0.9830005888224664,0.948,0.95,200,100,5,0,LeDell2015_influence_function_patient_cluster,0.865,0.030041637771599603,0.8061194719310667,0.9238805280689333,patient_cluster_delta_method,0.77,0.96,0.865,0.8032455811763735,0.9267544188236265,0.6618995017007281,0.878100498299272,0.9132886672192481,1.0,0.9506172839506173,0.8924163821411952,1.0,0.850828729281768,0.7783927440573504,0.9232647145061856,0.9615249661033729,0.9341110094669749,0.9889389227397709
diagnosis,clinician_diagnosis_label,labram,frozen,0.9733165490452474,0.01044215556722399,0.952850300212524,0.9937827978779709,0.9733400402414487,0.95,200,100,5,0,LeDell2015_influence_function_patient_cluster,0.8918269230769231,0.026808796414863265,0.8392826476349247,0.9443711985189216,patient_cluster_delta_method,0.8125000000000001,0.9711538461538461,0.895,0.8426007376760801,0.9473992623239199,0.715572997575936,0.9094270024240643,0.9297705362059462,1.0,0.9629629629629629,0.909717003072587,1.0,0.8813559322033898,0.8183193347869419,0.9443925296198378,0.9765393172726485,0.957026286036772,0.9960523485085251
diagnosis,patient_diagnosis_label,labram,finetuned,0.9755,0.012913171570144958,0.9501906487963294,1.0,0.9755,0.95,200,100,5,0,LeDell2015_influence_function_patient_cluster,0.935,0.021828879952943074,0.8922161814693832,0.9777838185306169,patient_cluster_delta_method,0.91,0.96,0.935,0.8919365091325613,0.9780634908674388,0.8383071000580361,0.981692899941964,0.9132886672192481,1.0,0.9578947368421054,0.9081110288490225,1.0,0.9333333333333333,0.8875717026879234,0.9790949639787433,0.9782691006957915,0.9527698089251114,1.0
diagnosis,clinician_diagnosis_label,labram,finetuned,0.9738835579998589,0.012685258649489673,0.949020907912284,0.9987462080874339,0.9738430583501007,0.95,200,100,5,0,LeDell2015_influence_function_patient_cluster,0.9246794871794872,0.02170339321717928,0.8821416181315049,0.9672173562274695,patient_cluster_delta_method,0.9166666666666667,0.9326923076923076,0.925,0.8825655349721447,0.9674344650278554,0.8544332465781563,0.9789000867551771,0.8726066071121927,0.9927780082724225,0.9263157894736842,0.8603088100280099,0.9923227689193586,0.9214659685863875,0.8742113700160933,0.9687205671566818,0.9741680896371536,0.9475877934006337,1.0
diagnosis,patient_diagnosis_label,cbramod,frozen,0.907,0.027429910681589904,0.8532383629649333,0.9607616370350668,0.907,0.95,200,100,5,0,LeDell2015_influence_function_patient_cluster,0.845,0.029571946165242485,0.7870400505633673,0.9029599494366326,patient_cluster_delta_method,0.74,0.95,0.845,0.7834949061160107,0.9065050938839893,0.6354032757619232,0.8445967242380767,0.9000305269844573,0.9999694730155426,0.9367088607594937,0.8725157353722652,1.0,0.8268156424581006,0.7539162141935932,0.8997150707226079,0.930727490542772,0.8838155704644327,0.9776394106211114
diagnosis,clinician_diagnosis_label,cbramod,frozen,0.9219775782166412,0.022491273679146745,0.8778954918390799,0.9660596645942024,0.9220321931589537,0.95,200,100,5,0,LeDell2015_influence_function_patient_cluster,0.8513621794871795,0.028117363939857015,0.7962531588248546,0.9064712001495044,patient_cluster_delta_method,0.7604166666666666,0.9423076923076923,0.855,0.7990551291523489,0.9109448708476511,0.6613367756914564,0.8594965576418768,0.8910307936090627,0.9935845910063219,0.9240506329113923,0.856245681204907,0.9918555846178777,0.8342857142857143,0.7653944359323397,0.9031769926390889,0.9356491812924596,0.8903051535505367,0.9809932090343824
diagnosis,patient_diagnosis_label,cbramod,finetuned,0.9630000000000001,0.01860376306019833,0.9265372944250947,0.9994627055749055,0.963,0.95,200,100,5,0,LeDell2015_influence_function_patient_cluster,0.91,0.024799193535274485,0.8613944738252235,0.9586055261747766,patient_cluster_delta_method,0.89,0.93,0.91,0.8612366632600934,0.9587633367399067,0.8151611934851195,0.9648388065148805,0.8679585482251156,0.9920414517748845,0.9270833333333334,0.8613247056045605,0.9928419610621062,0.9081632653061225,0.8559516231001336,0.9603749075121113,0.9634842932395768,0.9221642063259445,1.0
diagnosis,clinician_diagnosis_label,cbramod,finetuned,0.9518629470094673,0.01920317796624838,0.9142254098069074,0.9895004842120272,0.9517102615694165,0.95,200,100,5,0,LeDell2015_influence_function_patient_cluster,0.8998397435897436,0.023312993842791774,0.8541471152860677,0.9455323718934195,patient_cluster_delta_method,0.8958333333333334,0.9038461538461537,0.9,0.8540347701911363,0.9459652298088638,0.8349488535262911,0.9567178131403756,0.83279531642451,0.9748969912677975,0.8958333333333334,0.8182115136708493,0.9734551529958174,0.8958333333333334,0.8439515142109962,0.9477151524556705,0.9521564485375829,0.9061184735946253,0.9981944234805404
diagnosis,patient_diagnosis_label,eegpt,frozen,0.9465,0.019376532197480537,0.9085226947476575,0.9844773052523426,0.9465,0.95,200,100,5,0,LeDell2015_influence_function_patient_cluster,0.875,0.029368350311176825,0.8174390911047378,0.9325609088952622,patient_cluster_delta_method,0.9,0.85,0.875,0.817230913539525,0.932769086460475,0.8266648627943503,0.9733351372056498,0.7612588563155595,0.9387411436844405,0.8571428571428571,0.7696712939929917,0.9446144202927225,0.878048780487805,0.8173046246838265,0.9387929362917835,0.9561036941884217,0.9219670782360393,0.990240310140804
diagnosis,clinician_diagnosis_label,eegpt,frozen,0.9316962482933677,0.021897261345292393,0.8887784046965336,0.9746140918902019,0.93158953722334,0.95,200,100,5,0,LeDell2015_influence_function_patient_cluster,0.8465544871794872,0.03133860992356111,0.7851319404037579,0.9079770339552166,patient_cluster_delta_method,0.8854166666666666,0.8076923076923076,0.845,0.7819527993110477,0.9080472006889523,0.8102741071953146,0.9605592261380187,0.710731746545257,0.9046528688393582,0.8095238095238094,0.7101527873051909,0.9088948317424279,0.845771144278607,0.7759112887084318,0.9156309998487822,0.9421326444821958,0.9016247324057399,0.9826405565586517
diagnosis,patient_diagnosis_label,eegpt,finetuned,0.9540000000000001,0.01819340539866025,0.9183415806624894,0.9896584193375108,0.954,0.95,200,100,5,0,LeDell2015_influence_function_patient_cluster,0.91,0.02383275057562597,0.8632886672192469,0.9567113327807532,patient_cluster_delta_method,0.9,0.92,0.91,0.8632475661705743,0.9567524338294258,0.8321048559554316,0.9678951440445684,0.8558280134655014,0.9841719865344987,0.9183673469387755,0.8511962658918083,0.9855384279857428,0.9090909090909092,0.8593439096782975,0.9588379085035208,0.9660215588261645,0.9391150782844916,0.9929280393678374
diagnosis,clinician_diagnosis_label,eegpt,finetuned,0.9261016704164502,0.02283762639579134,0.881340745188318,0.9708625956445824,0.926056338028169,0.95,200,100,5,0,LeDell2015_influence_function_patient_cluster,0.8701923076923077,0.028710198234108763,0.8139213531644491,0.9264632622201663,patient_cluster_delta_method,0.875,0.8653846153846154,0.87,0.8134999798230421,0.9265000201769579,0.7981841271375744,0.9518158728624256,0.7845642819769952,0.9462049487922356,0.8571428571428571,0.7688037670885388,0.9454819471971754,0.865979381443299,0.8017747399744222,0.9301840229121758,0.9407075846963593,0.902017978505641,0.9793971908870776
diagnosis,patient_diagnosis_label,luna,frozen,0.8745,0.03292643315028216,0.8099653768860813,0.9390346231139188,0.8745,0.95,200,100,5,0,LeDell2015_influence_function_patient_cluster,0.84,0.029899832775452113,0.7813974046163435,0.8986025953836564,patient_cluster_delta_method,0.74,0.94,0.84,0.7782067150268757,0.9017932849731243,0.6317929462305019,0.8482070537694981,0.8949634564234067,0.9850365435765932,0.9249999999999999,0.8653837296196097,0.9846162703803901,0.8222222222222222,0.7477132680809454,0.896731176363499,0.9149285765919585,0.8651340120725988,0.9647231411113182
diagnosis,clinician_diagnosis_label,luna,frozen,0.880917097731541,0.033299579223100506,0.8156511217539257,0.9461830737091563,0.880784708249497,0.95,200,100,5,0,LeDell2015_influence_function_patient_cluster,0.8465544871794872,0.029633282983889925,0.7884743197873794,0.9046346545715951,patient_cluster_delta_method,0.7604166666666666,0.9326923076923076,0.85,0.7920234834772977,0.9079765165227023,0.6532526585714569,0.8675806747618764,0.8864124744421401,0.9789721409424751,0.9125,0.8481784744215701,0.9768215255784298,0.8295454545454545,0.7560089726989132,0.9030819363919957,0.914073664012693,0.8626696674943867,0.9654776605309993
diagnosis,patient_diagnosis_label,luna,finetuned,0.9390000000000001,0.02496197107601882,0.8900754357078726,0.9879245642921275,0.939,0.95,200,100,5,0,LeDell2015_influence_function_patient_cluster,0.8700000000000001,0.028195744359743372,0.8147373565376047,0.9252626434623955,patient_cluster_delta_method,0.81,0.93,0.87,0.8134999798230421,0.9265000201769579,0.7144228632171369,0.9055771367828632,0.8744945950902391,0.985505404909761,0.9204545454545455,0.855116930894935,0.985792160014156,0.8617021276595745,0.7972479508787925,0.9261563044403566,0.9618017321833114,0.9306622064878055,0.9929412578788174
diagnosis,clinician_diagnosis_label,luna,finetuned,0.9242184745751848,0.026676681761112656,0.8719331390963675,0.9765038100540021,0.9240442655935613,0.95,200,100,5,0,LeDell2015_influence_function_patient_cluster,0.8581730769230769,0.02952402966384459,0.8003070421034493,0.9160391117427045,patient_cluster_delta_method,0.8125000000000001,0.9038461538461537,0.86,0.8027234268407004,0.9172765731592996,0.7191324293943813,0.905867570605619,0.8379834741681147,0.9697088335241928,0.8863636363636364,0.8062577205372817,0.966469552189991,0.8478260869565217,0.7792023920715677,0.9164497818414757,0.9481165158114265,0.9106500279360404,0.9855830036868126
diagnosis,patient_diagnosis_label,reve,frozen,0.9275,0.023380547470065793,0.881674969019842,0.973325030980158,0.9275,0.95,200,100,5,0,LeDell2015_influence_function_patient_cluster,0.875,0.027685736399814254,0.8207369537708945,0.9292630462291055,patient_cluster_delta_method,0.86,0.89,0.875,0.8206573696955287,0.9293426303044713,0.7766611882265255,0.9433388117734745,0.8204834178311898,0.9595165821688102,0.8865979381443299,0.8111958515948883,0.9620000246937714,0.8730964467005076,0.813204103748405,0.9329887896526101,0.9392821242944629,0.8962328445346922,0.9823314040542336
diagnosis,clinician_diagnosis_label,reve,frozen,0.9110628232986558,0.024761138034464072,0.8625318845348814,0.9595937620624303,0.9109657947686117,0.95,200,100,5,0,LeDell2015_influence_function_patient_cluster,0.8549679487179487,0.028505079943036686,0.7990990186531617,0.9108368787827357,patient_cluster_delta_method,0.8541666666666666,0.8557692307692307,0.855,0.7990551291523489,0.9109448708476511,0.7744453072911088,0.9338880260422244,0.7746046853389135,0.936933776199548,0.845360824742268,0.7545134959551247,0.9362081535294113,0.8497409326424871,0.7844623310242194,0.9150195342607548,0.9253657804710201,0.8780114284768645,0.9727201324651757
diagnosis,patient_diagnosis_label,reve,finetuned,0.9475,0.019928622631782657,0.9084406173802162,0.9865593826197838,0.9475,0.95,200,100,5,0,LeDell2015_influence_function_patient_cluster,0.885,0.027937430089397985,0.8302436432041743,0.9397563567958257,patient_cluster_delta_method,0.92,0.85,0.885,0.8298156138015009,0.9401843861984991,0.8558280134655014,0.9841719865344987,0.7612588563155595,0.9387411436844405,0.8598130841121495,0.7738589126291081,0.9457672555951909,0.888888888888889,0.8316513315428784,0.9461264462348995,0.9499473385972751,0.907513345809823,0.9923813313847272
diagnosis,clinician_diagnosis_label,reve,finetuned,0.9144177579498619,0.02458095181302723,0.866239977690614,0.9625955382091098,0.9144869215291751,0.95,200,100,5,0,LeDell2015_influence_function_patient_cluster,0.8469551282051282,0.030967571325027577,0.7862598037193989,0.9076504526908575,patient_cluster_delta_method,0.8958333333333334,0.798076923076923,0.845,0.7819527993110477,0.9080472006889523,0.8284495830736495,0.9632170835930173,0.6971533753705688,0.8990004707832773,0.8037383177570093,0.7027879604257542,0.9046886750882644,0.8472906403940887,0.7785219652961607,0.9160593154920168,0.9201825739265497,0.8688222564008166,0.9715428914522828
diagnosis,patient_diagnosis_label,codebrain,frozen,0.9455,0.018285239949204935,0.9096615882508854,0.9813384117491146,0.9455,0.95,200,100,5,0,LeDell2015_influence_function_patient_cluster,0.88,0.029832867780352594,0.8215286535949635,0.9384713464050365,patient_cluster_delta_method,0.84,0.92,0.88,0.8210054096416571,0.9389945903583429,0.7462489585031309,0.933751041496869,0.8500976708548087,0.9899023291451914,0.9130434782608695,0.8364939040291337,0.9895930524926053,0.875,0.8099105620454695,0.9400894379545305,0.9561606177815036,0.9249208225079002,0.9874004130551071
diagnosis,clinician_diagnosis_label,codebrain,frozen,0.951192126736278,0.016625125883243635,0.9186074787666758,0.9837767747058801,0.9512072434607646,0.95,200,100,5,0,LeDell2015_influence_function_patient_cluster,0.8990384615384616,0.026707504437356824,0.8466927147242985,0.9513842083526246,patient_cluster_delta_method,0.875,0.923076923076923,0.9,0.8481442271826392,0.9518557728173609,0.7935744388929926,0.9564255611070074,0.8558268852570576,0.9903269608967884,0.9130434782608695,0.8364939040291337,0.9895930524926053,0.8936170212765958,0.8344424984638786,0.952791544089313,0.9594661408325837,0.9292009159860423,0.9897313656791252
diagnosis,patient_diagnosis_label,codebrain,finetuned,0.961,0.016244999230532454,0.9291603865792755,0.9928396134207245,0.961,0.95,200,100,5,0,LeDell2015_influence_function_patient_cluster,0.905,0.025189283435619998,0.8556299116698135,0.9543700883301866,patient_cluster_delta_method,0.9,0.91,0.905,0.8556201864479476,0.9543798135520525,0.8266648627943503,0.9733351372056498,0.8438820740044755,0.9761179259955246,0.9090909090909092,0.8399454936975013,0.9782363244843171,0.9045226130653267,0.8517013993975682,0.9573438267330852,0.9647749328840799,0.9319645744063443,0.9975852913618155
diagnosis,clinician_diagnosis_label,codebrain,finetuned,0.962386756533277,0.016644935135861533,0.9297632831419831,0.9950102299245709,0.9622736418511066,0.95,200,100,5,0,LeDell2015_influence_function_patient_cluster,0.905448717948718,0.023897990557691796,0.8586095171527638,0.9522879187446721,patient_cluster_delta_method,0.9166666666666667,0.8942307692307693,0.905,0.857604925937385,0.952395074062615,0.8544332465781563,0.9789000867551771,0.8222063577826931,0.9662551806788454,0.888888888888889,0.8108060383532629,0.966971739424515,0.9025641025641026,0.8495471043956606,0.9555811007325445,0.9666666785923119,0.934236502363955,0.9990968548206689
diagnosis,patient_diagnosis_label,csbrain,frozen,0.8790000000000001,0.02968332865431369,0.8208217448962795,0.9371782551037208,0.879,0.95,200,100,5,0,LeDell2015_influence_function_patient_cluster,0.8049999999999999,0.031024184114977135,0.7441937164849051,0.8658062835150948,patient_cluster_delta_method,0.69,0.92,0.805,0.7401506588780221,0.869849341121978,0.5830426983884387,0.7969573016115612,0.8621229571276737,0.9778770428723264,0.8961038961038961,0.8181490554378315,0.9740587367699607,0.7796610169491525,0.7004227176178359,0.858899316280469,0.9033908392218224,0.8481791998871783,0.9586024785564665
diagnosis,clinician_diagnosis_label,csbrain,frozen,0.9019810075059771,0.02739257607099296,0.8482925449630572,0.955669470048897,0.9019114688128773,0.95,200,100,5,0,LeDell2015_influence_function_patient_cluster,0.8108974358974359,0.02980439263551828,0.7524818997507292,0.8693129720441426,patient_cluster_delta_method,0.7083333333333334,0.9134615384615384,0.815,0.7551408259746073,0.8748591740253926,0.605257174480604,0.8114094921860627,0.8551598734304511,0.9717632034926258,0.8831168831168832,0.8024666924528846,0.9637670737808818,0.7861271676300579,0.7100463533303818,0.8622079819297339,0.9210325811622043,0.8714702649716843,0.9705948973527243
diagnosis,patient_diagnosis_label,csbrain,finetuned,0.9650000000000001,0.014652644812456213,0.9362813438893283,0.9937186561106719,0.965,0.95,200,100,5,0,LeDell2015_influence_function_patient_cluster,0.9099999999999999,0.02355843797877949,0.8638263100295716,0.9561736899704283,patient_cluster_delta_method,0.83,0.99,0.91,0.8612366632600934,0.9587633367399067,0.7397139234570884,0.9202860765429115,0.970597346459105,1.0,0.9880952380952381,0.964775564538903,1.0,0.9021739130434782,0.84743786580445,0.9569099602825063,0.9698683508184287,0.9423217043214925,0.9974149973153649
diagnosis,clinician_diagnosis_label,csbrain,finetuned,0.9638584953432172,0.016394526138688904,0.9317258145677865,0.995991176118648,0.9637826961770624,0.95,200,100,5,0,LeDell2015_influence_function_patient_cluster,0.9274839743589745,0.02032658664232977,0.8876445966113752,0.9673233521065737,patient_cluster_delta_method,0.8645833333333334,0.9903846153846154,0.93,0.890751751795803,0.9692482482041971,0.7869679233759233,0.9421987432907435,0.9717261761556953,1.0,0.9880952380952381,0.964775564538903,1.0,0.9222222222222222,0.8763839094081527,0.9680605350362916,0.9760720416565343,0.9543934092067883,0.9977506741062803
diagnosis,patient_diagnosis_label,smith_triplet,logistic,0.914,0.021166010488516723,0.8725153817461102,0.9554846182538899,0.914,0.95,200,100,5,0,LeDell2015_influence_function_patient_cluster,0.855,0.027649593125396978,0.8008077932870357,0.9091922067129643,patient_cluster_delta_method,0.85,0.86,0.855,0.8007989332842455,0.9092010667157545,0.775366794990392,0.924633205009608,0.7814056886048626,0.9385943113951374,0.8585858585858586,0.774771372646329,0.9424003445253881,0.8542713567839196,0.7947758350987468,0.9137668784690924,0.9340451679898143,0.8949079373584254,0.9731823986212031
diagnosis,clinician_diagnosis_label,smith_triplet,logistic,0.9066153555243608,0.02434594411551694,0.8588981818883228,0.9543325291603988,0.9064386317907445,0.95,200,100,5,0,LeDell2015_influence_function_patient_cluster,0.8353365384615384,0.02899326891642743,0.778510775591256,0.8921623013318208,patient_cluster_delta_method,0.8437500000000001,0.8269230769230769,0.835,0.7777653600575076,0.8922346399424923,0.7689694533269311,0.9185305466730691,0.74205037067375,0.9117957831724037,0.8181818181818182,0.7251137042707996,0.9112499320928369,0.8307692307692308,0.7650652544814978,0.8964732070569639,0.9156793578486668,0.863453136312068,0.9679055793852657
diagnosis,patient_diagnosis_label,smith_expanded,logistic,0.931,0.021931712199461308,0.8880146339697581,0.973985366030242,0.931,0.95,200,100,5,0,LeDell2015_influence_function_patient_cluster,0.855,0.029571946165242485,0.7970400505633674,0.9129599494366326,patient_cluster_delta_method,0.76,0.95,0.855,0.7941226856927438,0.9158773143072562,0.6517929462305019,0.8682070537694981,0.9084228852695108,0.9915771147304892,0.9382716049382716,0.884392535671257,0.9921506742052861,0.8397790055248618,0.7672130859272344,0.9123449251224893,0.9461336205878947,0.9092972067937113,0.9829700343820782
diagnosis,clinician_diagnosis_label,smith_expanded,logistic,0.9471735604997147,0.017326142703373834,0.9132149448101006,0.9811321761893288,0.9471830985915493,0.95,200,100,5,0,LeDell2015_influence_function_patient_cluster,0.8617788461538461,0.02813904561785868,0.8066273301835135,0.9169303621241788,patient_cluster_delta_method,0.78125,0.9423076923076923,0.865,0.8098156138015009,0.9201843861984991,0.6786078368456818,0.8838921631543182,0.8985013980544159,0.9861139865609687,0.9259259259259258,0.8676943662436394,0.9841574856082123,0.847457627118644,0.7790033051525014,0.9159119490847867,0.9567835047294304,0.9244206600876819,0.989146349371179
response_PRE,treatment_response_label,biot,frozen,0.7303333333333333,0.0679416788237403,0.5971700897896146,0.863496576877052,0.7295081967213115,0.95,50,50,5,0,LeDell2015_influence_function_patient_cluster,0.551948051948052,0.0629962822223679,0.42847760763229004,0.6754184962638139,patient_cluster_delta_method,0.7857142857142857,0.31818181818181823,0.58,0.4431950754745255,0.7168049245254744,0.6337302369724627,0.9376983344561087,0.12355229471179968,0.5128113416518367,0.5945945945945946,0.43639605323119623,0.752793135957993,0.6769230769230768,0.5461535390557309,0.8076926147904228,0.7741428571428572,0.6444605130861929,0.9038252011995216
response_POST,treatment_response_label,biot,frozen,0.5776666666666668,0.07276513964394993,0.43504961363449723,0.7202837196988363,0.5819672131147541,0.95,50,50,5,0,LeDell2015_influence_function_patient_cluster,0.6136363636363636,0.06697825960599149,0.48236138706144643,0.7449113402112808,patient_cluster_delta_method,0.5,0.7272727272727273,0.6,0.46420971191086313,0.7357902880891368,0.31480081136656846,0.6851991886334315,0.5411713075347385,0.9133741470107161,0.7000000000000001,0.49916345547364627,0.9008365445263539,0.5833333333333334,0.41733104067467425,0.7493356259919925,0.7302645502645503,0.6018617934065632,0.8586673071225374
response_PRE,treatment_response_label,biot,finetuned,0.6793333333333333,0.07639881292536711,0.5295944115380007,0.829072255128666,0.680327868852459,0.95,50,50,5,0,LeDell2015_influence_function_patient_cluster,0.5405844155844155,0.07098017241849135,0.4014658340277292,0.6797029971411018,patient_cluster_delta_method,0.5357142857142857,0.5454545454545454,0.54,0.4018538186513744,0.6781461813486257,0.35098814814367973,0.7204404232848917,0.3373868328328634,0.7535222580762274,0.6,0.4079635329457929,0.792036467054207,0.5660377358490566,0.4062557945739008,0.7258196771242124,0.7648835978835979,0.6243651077064266,0.9054020880607693
response_POST,treatment_response_label,biot,finetuned,0.6473333333333333,0.07669833705224458,0.49700735503682003,0.7976593116298466,0.6475409836065574,0.95,50,50,5,0,LeDell2015_influence_function_patient_cluster,0.5616883116883117,0.06759550410492347,0.42920355812583233,0.694173065250791,patient_cluster_delta_method,0.7142857142857143,0.40909090909090906,0.58,0.4431950754745255,0.7168049245254744,0.5469567837437685,0.88161464482766,0.2036405045896563,0.6145413135921618,0.6060606060606061,0.4393497601437215,0.7727714519774906,0.6557377049180328,0.5174973022285454,0.7939781076075203,0.7888756613756615,0.6697382909524955,0.9080130317988274
response_PRE,treatment_response_label,labram,frozen,0.7056666666666667,0.07722561262987726,0.5543072472280657,0.8570260861052676,0.7049180327868853,0.95,50,50,5,0,LeDell2015_influence_function_patient_cluster,0.698051948051948,0.0654783103390782,0.5697168180188181,0.8263870780850779,patient_cluster_delta_method,0.7142857142857143,0.6818181818181818,0.7,0.5729798163797799,0.82702018362022,0.5469567837437685,0.88161464482766,0.48718865834816316,0.8764477052882004,0.7407407407407407,0.5754431732293384,0.906038308252143,0.7272727272727273,0.5944882350238984,0.8600572195215562,0.7861904761904762,0.6540528378798203,0.9183281145011322
response_POST,treatment_response_label,labram,frozen,0.6859999999999999,0.07386107538810736,0.5412349523799118,0.8307650476200881,0.6885245901639344,0.95,50,50,5,0,LeDell2015_influence_function_patient_cluster,0.6477272727272727,0.06701893498286929,0.5163725738786175,0.779081971575928,patient_cluster_delta_method,0.7499999999999999,0.5454545454545454,0.66,0.5286970404473903,0.7913029595526098,0.5896127978831819,0.9103872021168179,0.33738683283286336,0.7535222580762275,0.6774193548387096,0.5128627957346686,0.8419759139427506,0.711864406779661,0.5807048411354655,0.8430239724238565,0.7679126984126984,0.6337742562749027,0.9020511405504941
response_PRE,treatment_response_label,labram,finetuned,0.6813333333333333,0.07760726977542416,0.5292258796350181,0.8334407870316486,0.680327868852459,0.95,50,50,5,0,LeDell2015_influence_function_patient_cluster,0.6298701298701299,0.0681145207557335,0.4963681223646863,0.7633721373755735,patient_cluster_delta_method,0.7142857142857143,0.5454545454545454,0.64,0.5069532328624347,0.7730467671375654,0.5469567837437685,0.88161464482766,0.3373868328328634,0.7535222580762274,0.6666666666666667,0.49797982508245,0.8353535082508835,0.6896551724137931,0.5533648094134813,0.825945535414105,0.7786269841269842,0.6448814349407452,0.9123725333132231
response_POST,treatment_response_label,labram,finetuned,0.6866666666666668,0.07419658401437738,0.5412440342225868,0.8320892991107467,0.6885245901639344,0.95,50,50,5,0,LeDell2015_influence_function_patient_cluster,0.6071428571428572,0.06828664968580186,0.4733034831337822,0.7409822311519323,patient_cluster_delta_method,0.7142857142857143,0.5,0.62,0.48546021420000063,0.7545397857999994,0.5469567837437685,0.88161464482766,0.2910671372324377,0.7089328627675623,0.6451612903225807,0.4767322823623866,0.813590298282775,0.6779661016949153,0.5408785042382446,0.8150536991515861,0.7776613756613757,0.6462041993488753,0.9091185519738761
response_PRE,treatment_response_label,cbramod,frozen,0.54,0.07817607188256823,0.386777714657352,0.6932222853426481,0.5409836065573771,0.95,50,50,5,0,LeDell2015_influence_function_patient_cluster,0.5178571428571428,0.07114536853574471,0.37841478286025404,0.6572995028540316,patient_cluster_delta_method,0.5357142857142857,0.5,0.52,0.3815205342554211,0.6584794657445789,0.35098814814367973,0.7204404232848917,0.2910671372324377,0.7089328627675623,0.5769230769230769,0.3870208571840306,0.7668252966621232,0.5555555555555555,0.3962708339029155,0.7148402772081954,0.7062566137566139,0.5644927839453784,0.8480204435678493
response_POST,treatment_response_label,cbramod,frozen,0.7523333333333333,0.0666661198289542,0.6216701394795515,0.8829965271871151,0.7540983606557377,0.95,50,50,5,0,LeDell2015_influence_function_patient_cluster,0.6558441558441558,0.06253578946509204,0.5332762607477961,0.7784120509405155,patient_cluster_delta_method,0.857142857142857,0.4545454545454546,0.68,0.5507017835093619,0.8092982164906382,0.7275304248773262,0.9867552894083877,0.24647774192377253,0.6626131671671367,0.6666666666666666,0.51267735285004,0.8206559804832932,0.75,0.6313920645110976,0.8686079354889024,0.8506349206349206,0.7480531562807423,0.953216684989099
response_PRE,treatment_response_label,cbramod,finetuned,0.5566666666666668,0.07933336348116005,0.40117613147116793,0.7121572018621656,0.5573770491803278,0.95,50,50,5,0,LeDell2015_influence_function_patient_cluster,0.5032467532467533,0.06840708235890598,0.36917133553583226,0.6373221709576743,patient_cluster_delta_method,0.6428571428571428,0.36363636363636365,0.52,0.3815205342554211,0.6584794657445789,0.4653780106447888,0.8203362750694968,0.16262385614845234,0.564648871124275,0.5625,0.3906207721742583,0.7343792278257417,0.6,0.45332972558870044,0.7466702744112995,0.7082407407407407,0.5628515746179503,0.8536299068635311
response_POST,treatment_response_label,cbramod,finetuned,0.7943333333333333,0.06724711251567048,0.6625314147383066,0.9261352519283601,0.7950819672131147,0.95,50,50,5,0,LeDell2015_influence_function_patient_cluster,0.6477272727272727,0.06701893498286927,0.5163725738786175,0.779081971575928,patient_cluster_delta_method,0.7499999999999999,0.5454545454545454,0.66,0.5286970404473903,0.7913029595526098,0.5896127978831819,0.9103872021168179,0.33738683283286336,0.7535222580762275,0.6774193548387096,0.5128627957346686,0.8419759139427506,0.711864406779661,0.5807048411354655,0.8430239724238565,0.8746984126984128,0.7836117741788524,0.9657850512179731
response_PRE,treatment_response_label,eegpt,frozen,0.5856666666666667,0.08311295669331077,0.4227682648991404,0.7485650684341929,0.5819672131147541,0.95,50,50,5,0,LeDell2015_influence_function_patient_cluster,0.5665584415584416,0.06902797448425102,0.43126609764355983,0.7018507854733234,patient_cluster_delta_method,0.6785714285714285,0.4545454545454546,0.58,0.4431950754745255,0.7168049245254744,0.5055861683545311,0.8515566887883259,0.24647774192377253,0.6626131671671367,0.6129032258064516,0.4414392167984681,0.7843672348144352,0.6440677966101696,0.5018052734977125,0.7863303197226266,0.7176772486772487,0.5870036671183392,0.8483508302361582
response_POST,treatment_response_label,eegpt,frozen,0.5813333333333334,0.08046655792329376,0.42362177784377153,0.7390448888228952,0.5819672131147541,0.95,50,50,5,0,LeDell2015_influence_function_patient_cluster,0.5178571428571428,0.07114536853574471,0.37841478286025404,0.6572995028540316,patient_cluster_delta_method,0.5357142857142857,0.5,0.52,0.3815205342554211,0.6584794657445789,0.35098814814367973,0.7204404232848917,0.2910671372324377,0.7089328627675623,0.5769230769230769,0.38702085718403056,0.7668252966621232,0.5555555555555555,0.3962708339029155,0.7148402772081954,0.7188306878306878,0.5779171929137068,0.8597441827476688
response_PRE,treatment_response_label,eegpt,finetuned,0.673,0.08235151186719095,0.5115940026678829,0.8344059973321172,0.6721311475409836,0.95,50,50,5,0,LeDell2015_influence_function_patient_cluster,0.625,0.0671938705074074,0.49330243382363337,0.7566975661763666,patient_cluster_delta_method,0.7499999999999999,0.5,0.64,0.5069532328624347,0.7730467671375654,0.5896127978831819,0.9103872021168179,0.2910671372324377,0.7089328627675623,0.65625,0.4916881680194074,0.8208118319805926,0.7,0.5677932012559213,0.8322067987440787,0.757851851851852,0.6172037371479568,0.8984999665557472
response_POST,treatment_response_label,eegpt,finetuned,0.629,0.0771408024630292,0.4778068054339441,0.7801931945660558,0.6311475409836066,0.95,50,50,5,0,LeDell2015_influence_function_patient_cluster,0.5373376623376623,0.05044397485730722,0.4384692883802962,0.6362060362950285,patient_cluster_delta_method,0.8928571428571428,0.18181818181818182,0.58,0.4431950754745255,0.7168049245254744,0.7782948556308442,1.0,0.020649624644732772,0.3429867389916309,0.5813953488372093,0.4339430103499005,0.7288476873245182,0.7042253521126761,0.5833827810547865,0.8250679231705658,0.7096719576719577,0.5552388758251463,0.864105039518769
response_PRE,treatment_response_label,luna,frozen,0.6053333333333333,0.06009404154178929,0.48755117622597244,0.7231154904406941,0.6065573770491803,0.95,50,50,5,0,LeDell2015_influence_function_patient_cluster,0.5762987012987013,0.07033546050775982,0.4384437318674528,0.7141536707299498,patient_cluster_delta_method,0.6071428571428571,0.5454545454545454,0.58,0.4431950754745255,0.7168049245254744,0.42624565608120757,0.7880400582045066,0.3373868328328634,0.7535222580762274,0.6296296296296297,0.44748058174611904,0.8117786775131403,0.6181818181818182,0.46725076098927454,0.7691128753743618,0.747089947089947,0.6326843941903386,0.8614954999895554
response_POST,treatment_response_label,luna,frozen,0.588,0.0825964106697588,0.4261140098349929,0.749885990165007,0.5901639344262295,0.95,50,50,5,0,LeDell2015_influence_function_patient_cluster,0.5584415584415584,0.07073909403338238,0.4197954818371368,0.69708763504598,patient_cluster_delta_method,0.5714285714285714,0.5454545454545454,0.56,0.42241108668072275,0.6975889133192774,0.3881289118664937,0.7547282309906491,0.33738683283286336,0.7535222580762275,0.6153846153846154,0.42838183644090283,0.802387394328328,0.5925925925925926,0.4371200514219772,0.7480651337632079,0.7138280423280423,0.5663526733886894,0.8613034112673952
response_PRE,treatment_response_label,luna,finetuned,0.5986666666666667,0.08032321787416288,0.44123605251094355,0.7560972808223898,0.5983606557377049,0.95,50,50,5,0,LeDell2015_influence_function_patient_cluster,0.5438311688311689,0.06851587771322708,0.4095425161440933,0.6781198215182445,patient_cluster_delta_method,0.6785714285714285,0.40909090909090906,0.56,0.42241108668072275,0.6975889133192774,0.5055861683545311,0.8515566887883259,0.2036405045896563,0.6145413135921618,0.59375,0.42358446629942736,0.7639155337005726,0.6333333333333334,0.4907871297894676,0.7758795368771992,0.7080238095238096,0.5667361541932472,0.849311464854372
response_POST,treatment_response_label,luna,finetuned,0.44766666666666666,0.07258269803027147,0.30540719262658833,0.589926140706745,0.45081967213114754,0.95,50,50,5,0,LeDell2015_influence_function_patient_cluster,0.4772727272727273,0.07106035012947638,0.33799700029014745,0.6165484542553071,patient_cluster_delta_method,0.5,0.4545454545454546,0.48,0.341520534255421,0.6184794657445789,0.31480081136656846,0.6851991886334315,0.24647774192377253,0.6626131671671367,0.5384615384615385,0.34684071156815366,0.7300823653549234,0.5185185185185185,0.3563108976244753,0.6807261394125617,0.6105687830687831,0.4659238315584345,0.7552137345791319
response_PRE,treatment_response_label,reve,frozen,0.5916666666666667,0.0839724413717633,0.42708370588410943,0.7562496274492239,0.5901639344262295,0.95,50,50,5,0,LeDell2015_influence_function_patient_cluster,0.5,0.07122536028727372,0.3604008590510541,0.6395991409489459,patient_cluster_delta_method,0.5,0.5,0.5,0.36140961756503603,0.6385903824349639,0.31480081136656846,0.6851991886334315,0.2910671372324377,0.7089328627675623,0.56,0.3654198927517019,0.7545801072482983,0.5283018867924528,0.3652624474682966,0.691341326116609,0.7353042328042327,0.59895495134832,0.8716535142601455
response_POST,treatment_response_label,reve,frozen,0.5946666666666667,0.07612121676804756,0.44547182334192703,0.7438615099914063,0.5983606557377049,0.95,50,50,5,0,LeDell2015_influence_function_patient_cluster,0.612012987012987,0.06902797448425102,0.47672064309810525,0.7473053309278688,patient_cluster_delta_method,0.6785714285714285,0.5454545454545454,0.62,0.48546021420000063,0.7545397857999994,0.5055861683545311,0.8515566887883259,0.33738683283286336,0.7535222580762275,0.6551724137931035,0.48217966693873604,0.828165160647471,0.6666666666666667,0.5253563809168041,0.8079769524165293,0.703984126984127,0.5631697339513666,0.8447985200168875
response_PRE,treatment_response_label,reve,finetuned,0.5746666666666667,0.08596486299876237,0.40617863125317255,0.7431547020801608,0.5737704918032787,0.95,50,50,5,0,LeDell2015_influence_function_patient_cluster,0.4707792207792208,0.06178865085351151,0.34967569045301816,0.5918827511054234,patient_cluster_delta_method,0.7142857142857143,0.2272727272727273,0.5,0.36140961756503603,0.6385903824349639,0.5469567837437685,0.88161464482766,0.052157653011362326,0.40238780153409226,0.5405405405405406,0.37996294024566246,0.7011181408354187,0.6153846153846154,0.47621557506224854,0.7545536557069823,0.7112486772486772,0.5643457135375003,0.8581516409598542
response_POST,treatment_response_label,reve,finetuned,0.5963333333333334,0.07744759753797864,0.4445388314697423,0.7481278351969245,0.5983606557377049,0.95,50,50,5,0,LeDell2015_influence_function_patient_cluster,0.5568181818181819,0.0656026595955733,0.42823933172081724,0.6853970319155465,patient_cluster_delta_method,0.7499999999999999,0.36363636363636365,0.58,0.4431950754745255,0.7168049245254744,0.5896127978831819,0.9103872021168179,0.16262385614845234,0.564648871124275,0.6,0.4376995628061042,0.7623004371938957,0.6666666666666666,0.5322537739468569,0.8010795593864763,0.7171613756613756,0.5834184599142191,0.8509042914085321
response_PRE,treatment_response_label,codebrain,frozen,0.515,0.07782072570783181,0.3624741803618794,0.6675258196381206,0.5163934426229508,0.95,50,50,5,0,LeDell2015_influence_function_patient_cluster,0.577922077922078,0.0666373268070346,0.44731531735426466,0.7085288384898912,patient_cluster_delta_method,0.4285714285714285,0.7272727272727273,0.56,0.42241108668072275,0.6975889133192774,0.2452717690093508,0.6118710881335062,0.5411713075347385,0.9133741470107161,0.6666666666666666,0.4488928906066666,0.8844404427266667,0.5217391304347826,0.346228330643642,0.6972499302259232,0.6763201058201058,0.5274435994418261,0.8251966121983856
response_POST,treatment_response_label,codebrain,frozen,0.6536666666666666,0.08018753691408594,0.4965019823060821,0.8108313510272511,0.6557377049180327,0.95,50,50,5,0,LeDell2015_influence_function_patient_cluster,0.5795454545454546,0.06649136698589928,0.44922476997025645,0.7098661391206527,patient_cluster_delta_method,0.7499999999999999,0.40909090909090906,0.6,0.46420971191086313,0.7357902880891368,0.5896127978831819,0.9103872021168179,0.2036405045896563,0.6145413135921618,0.6176470588235293,0.4543001053637359,0.7809940122833228,0.6774193548387096,0.5436023573341355,0.8112363523432837,0.7653730158730159,0.6308123275588352,0.8999337041871965
response_PRE,treatment_response_label,codebrain,finetuned,0.5913333333333334,0.08153505764788664,0.43152755686607847,0.7511391098005883,0.5901639344262295,0.95,50,50,5,0,LeDell2015_influence_function_patient_cluster,0.6347402597402598,0.06851587771322708,0.5004516070531843,0.7690289124273354,patient_cluster_delta_method,0.6785714285714285,0.5909090909090909,0.64,0.5069532328624347,0.7730467671375654,0.5055861683545311,0.8515566887883259,0.3854586864078382,0.7963594954103437,0.6785714285714285,0.5055861683545311,0.8515566887883259,0.6785714285714285,0.5379615129147116,0.8191813442281454,0.7157539682539683,0.5700821114348871,0.8614258250730495
response_POST,treatment_response_label,codebrain,finetuned,0.7366666666666666,0.07104599598216975,0.5974190732958365,0.8759142600374966,0.7377049180327869,0.95,50,50,5,0,LeDell2015_influence_function_patient_cluster,0.5746753246753247,0.0642874924580003,0.4486741548012537,0.7006764945493956,patient_cluster_delta_method,0.7857142857142857,0.36363636363636365,0.6,0.4642097119108631,0.7357902880891369,0.6337302369724627,0.9376983344561087,0.16262385614845234,0.564648871124275,0.6111111111111112,0.45186468365824395,0.7703575385639784,0.6875,0.5574024487528474,0.8175975512471526,0.8476984126984128,0.7491606984318577,0.946236126964968
response_PRE,treatment_response_label,csbrain,frozen,0.5496666666666666,0.07576847285572724,0.40116318870584056,0.6981701446274927,0.5491803278688525,0.95,50,50,5,0,LeDell2015_influence_function_patient_cluster,0.5097402597402597,0.07023947367455989,0.3720734210450731,0.6474070984354463,patient_cluster_delta_method,0.4285714285714285,0.5909090909090909,0.5,0.36140961756503603,0.6385903824349639,0.2452717690093508,0.6118710881335062,0.3854586864078382,0.7963594954103437,0.5714285714285714,0.3597723558475068,0.783084787009636,0.4897959183673469,0.3177884055878795,0.6618034311468144,0.7162486772486772,0.5797268964094254,0.8527704580879291
response_POST,treatment_response_label,csbrain,frozen,0.6383333333333334,0.08713809461064564,0.4675458062150242,0.8091208604516427,0.639344262295082,0.95,50,50,5,0,LeDell2015_influence_function_patient_cluster,0.6655844155844155,0.06573211077367623,0.5367518458402128,0.7944169853286182,patient_cluster_delta_method,0.7857142857142857,0.5454545454545454,0.68,0.5507017835093619,0.8092982164906382,0.6337302369724627,0.9376983344561087,0.3373868328328634,0.7535222580762274,0.6875,0.5269040961655954,0.8480959038344046,0.7333333333333334,0.607400574985135,0.8592660916815318,0.6895158730158731,0.5299612306452084,0.8490705153865379
response_PRE,treatment_response_label,csbrain,finetuned,0.614,0.07780479464283671,0.46150540467550516,0.7664945953244948,0.6147540983606558,0.95,50,50,5,0,LeDell2015_influence_function_patient_cluster,0.5405844155844155,0.07098017241849135,0.4014658340277292,0.6797029971411018,patient_cluster_delta_method,0.5357142857142857,0.5454545454545454,0.54,0.4018538186513744,0.6781461813486257,0.35098814814367973,0.7204404232848917,0.3373868328328634,0.7535222580762274,0.6,0.4079635329457928,0.7920364670542072,0.5660377358490566,0.4062557945739008,0.7258196771242124,0.7372407407407408,0.600572490554317,0.8739089909271645
response_POST,treatment_response_label,csbrain,finetuned,0.597,0.0811863238726485,0.43787772917240453,0.7561222708275954,0.5983606557377049,0.95,50,50,5,0,LeDell2015_influence_function_patient_cluster,0.5584415584415584,0.07073909403338238,0.4197954818371368,0.69708763504598,patient_cluster_delta_method,0.5714285714285714,0.5454545454545454,0.56,0.42241108668072275,0.6975889133192774,0.3881289118664937,0.7547282309906491,0.33738683283286336,0.7535222580762275,0.6153846153846154,0.4283818364409029,0.802387394328328,0.5925925925925926,0.43712005142197724,0.7480651337632078,0.7142248677248677,0.5676717737577984,0.860777961691937
response_PRE,treatment_response_label,qeeg,logistic,0.6226666666666667,0.07955321766164825,0.46674522519556044,0.778588108137773,0.6229508196721312,0.95,50,50,5,0,LeDell2015_influence_function_patient_cluster,0.612012987012987,0.06902797448425102,0.47672064309810525,0.7473053309278688,patient_cluster_delta_method,0.6785714285714285,0.5454545454545454,0.62,0.48546021420000063,0.7545397857999994,0.5055861683545311,0.8515566887883259,0.33738683283286336,0.7535222580762275,0.6551724137931035,0.48217966693873604,0.828165160647471,0.6666666666666667,0.5253563809168041,0.8079769524165293,0.713325396825397,0.5721697231403771,0.8544810705104169
response_POST,treatment_response_label,qeeg,logistic,0.77,0.07090409490220163,0.6310305276352748,0.9089694723647253,0.7704918032786885,0.95,50,50,5,0,LeDell2015_influence_function_patient_cluster,0.6525974025974026,0.06759550410492347,0.5201126490349233,0.785082156159882,patient_cluster_delta_method,0.7142857142857143,0.5909090909090909,0.66,0.5286970404473902,0.7913029595526099,0.5469567837437685,0.88161464482766,0.3854586864078382,0.7963594954103437,0.6896551724137931,0.5212763969736147,0.8580339478539716,0.7017543859649124,0.5664322962119496,0.8370764757178751,0.8205714285714286,0.6967270796102111,0.9444157775326462
