visit,model,comparison,delta_auroc,ci_low,ci_high
PRE,biot,E+Q vs. E,0.0214466666666666,-0.0592558884986067,0.10214922183194
PRE,biot,E+Q vs. Q,0.0794033333333332,-0.0206431746833042,0.1794498413499707
PRE,biot,E+L vs. E,0.0386466666666667,-0.0095241633159841,0.0868174966493175
PRE,biot,E+Q+L vs. E+Q,0.0311733333333333,-0.0169939274071636,0.0793405940738304
PRE,biot,E+Q+L vs. E+L,0.0139733333333332,-0.0532108258810082,0.0811574925476748
PRE,biot,E+Q+L vs. Q+L,0.0372433333333334,-0.0473862297427241,0.1218728964093909
PRE,labram,E+Q vs. E,0.0448566666666666,-0.0291291302544525,0.1188424635877858
PRE,labram,E+Q vs. Q,0.09858,-0.0302325423265999,0.2273925423266
PRE,labram,E+L vs. E,0.0403966666666665,-0.0055848969525655,0.0863782302858986
PRE,labram,E+Q+L vs. E+Q,0.0218766666666666,-0.0203734454062752,0.0641267787396085
PRE,labram,E+Q+L vs. E+L,0.0263366666666667,-0.0396342705230803,0.0923076038564138
PRE,labram,E+Q+L vs. Q+L,0.0471233333333334,-0.0585458264569542,0.152792493123621
PRE,cbramod,E+Q vs. E,0.08869,-0.0181447145002551,0.1955247145002552
PRE,cbramod,E+Q vs. Q,0.04303,-0.0708853084569734,0.1569453084569735
PRE,cbramod,E+L vs. E,0.1056833333333333,0.0139108351684641,0.1974558314982026
PRE,cbramod,E+Q+L vs. E+Q,0.0428533333333333,-0.0212179023000607,0.1069245689667273
PRE,cbramod,E+Q+L vs. E+L,0.0258599999999999,-0.0563952940635262,0.1081152940635262
PRE,cbramod,E+Q+L vs. Q+L,0.01255,-0.087531569603838,0.1126315696038381
POST,biot,E+Q vs. E,0.0876566666666668,-0.0152568677791951,0.1905702011125287
POST,biot,E+Q vs. Q,-0.0721666666666666,-0.1554386884547679,0.0111053551214347
POST,biot,E+L vs. E,0.1051566666666666,-0.0098405482990552,0.2201538816323885
POST,biot,E+Q+L vs. E+Q,0.0500033333333331,-0.0402947628616308,0.1403014295282972
POST,biot,E+Q+L vs. E+L,0.0325033333333333,-0.078156407224357,0.1431630738910236
POST,biot,E+Q+L vs. Q+L,-0.0464966666666667,-0.1483099730176798,0.0553166396843463
POST,labram,E+Q vs. E,0.1142799999999999,0.0387952338124522,0.1897647661875476
POST,labram,E+Q vs. Q,-0.1436466666666667,-0.2481676537083206,-0.0391256796250128
POST,labram,E+L vs. E,0.09549,0.0272952055916241,0.163684794408376
POST,labram,E+Q+L vs. E+Q,0.05604,0.0020411061782003,0.1100388938217998
POST,labram,E+Q+L vs. E+L,0.0748299999999999,-4.567481895600967e-05,0.1497056748189559
POST,labram,E+Q+L vs. Q+L,-0.1119399999999999,-0.2138838407596799,-0.0099961592403198
POST,cbramod,E+Q vs. E,0.0738966666666667,-0.0127413206836878,0.1605346540170213
POST,cbramod,E+Q vs. Q,-0.0598733333333333,-0.1715359899527477,0.051789323286081
POST,cbramod,E+L vs. E,0.0520166666666667,-0.0190950922151215,0.1231284255484549
POST,cbramod,E+Q+L vs. E+Q,0.03704,-0.0293289316065487,0.1034089316065488
POST,cbramod,E+Q+L vs. E+L,0.05892,-0.0031297729104811,0.1209697729104813
POST,cbramod,E+Q+L vs. Q+L,-0.0471666666666665,-0.1412840624266423,0.0469507290933091
