visit,model,features,cv_auroc,cv_auroc_se,cv_auroc_ci_low,cv_auroc_ci_high,pair_weighted_auroc,confidence,n_predictions,n_patients,n_folds,cross_class_tied_pairs,ci_method,balanced_accuracy,balanced_accuracy_se,balanced_accuracy_ci_low,balanced_accuracy_ci_high,balanced_accuracy_ci_method,sensitivity,specificity,accuracy,accuracy_ci_low,accuracy_ci_high,sensitivity_ci_low,sensitivity_ci_high,specificity_ci_low,specificity_ci_high,precision,precision_ci_low,precision_ci_high,f1,f1_ci_low,f1_ci_high,average_precision,average_precision_ci_low,average_precision_ci_high
PRE,none,Q,0.6226666666666667,0.0795532176616482,0.4667452251955604,0.778588108137773,0.6229508196721312,0.95,500,50,5,0,LeDell2015_influence_function_patient_cluster,0.5,0.0,0.5,0.5,patient_cluster_delta_method,1.0,0.0,0.56,0.4224110866807227,0.6975889133192774,1.0,1.0,0.0,0.0,0.56,0.4224110866807227,0.6975889133192774,0.717948717948718,0.6048743315916525,0.8310231043057834,0.713325396825397,0.5721697231403771,0.8544810705104169
PRE,none,L,0.6668333333333333,0.0785721343234197,0.5128347798709871,0.8208318867956794,0.6680327868852459,0.95,500,50,5,100,LeDell2015_influence_function_patient_cluster,0.5,0.0,0.5,0.5,patient_cluster_delta_method,1.0,0.0,0.56,0.4224110866807227,0.6975889133192774,1.0,1.0,0.0,0.0,0.56,0.4224110866807227,0.6975889133192774,0.717948717948718,0.6048743315916525,0.8310231043057834,0.7611904761904762,0.6249485430195616,0.8974324093613908
PRE,none,Q+L,0.696,0.0750589696521677,0.5488871227650663,0.8431128772349336,0.6967213114754098,0.95,500,50,5,0,LeDell2015_influence_function_patient_cluster,0.5,0.0,0.5,0.5,patient_cluster_delta_method,1.0,0.0,0.56,0.4224110866807227,0.6975889133192774,1.0,1.0,0.0,0.0,0.56,0.4224110866807227,0.6975889133192774,0.717948717948718,0.6048743315916525,0.8310231043057834,0.7718571428571428,0.6457800527591901,0.8979342329550954
PRE,biot,E,0.6806233333333334,0.0585223746146707,0.5659215867988175,0.7953250798678492,0.6799180327868852,0.95,500,50,5,0,LeDell2015_influence_function_patient_cluster,0.5324675324675324,0.0354276598865739,0.4630305950333132,0.6019044699017517,patient_cluster_delta_method,0.8785714285714284,0.1863636363636363,0.574,0.4573454199650447,0.6906545800349552,0.7967255135184004,0.9604173436244564,0.074170948054165,0.2985563246731076,0.5788235294117647,0.4367773796889325,0.720869679134597,0.6978723404255319,0.5875176265377067,0.8082270543133572,0.6918793683435085,0.5484781149913842,0.8352806216956328
PRE,biot,E+L,0.7192700000000001,0.0637242640167572,0.5943727375858342,0.844167262414166,0.7190163934426229,0.95,500,50,5,0,LeDell2015_influence_function_patient_cluster,0.5196428571428572,0.0185179583583818,0.4833483256932163,0.5559373885924981,patient_cluster_delta_method,0.9892857142857144,0.0499999999999999,0.576,0.4427731871887651,0.7092268128112348,0.9741449885754884,1.0,0.0,0.1209924677523136,0.5699588477366255,0.4318215021207425,0.7080961933525085,0.7232375979112272,0.6118411323212367,0.8346340635012177,0.7230525891853617,0.5733043060028744,0.8728008723678491
PRE,biot,E+Q,0.70207,0.0652418483894117,0.5741983268719305,0.8299416731280694,0.7022950819672131,0.95,500,50,5,0,LeDell2015_influence_function_patient_cluster,0.5,0.0,0.5,0.5,patient_cluster_delta_method,1.0,0.0,0.56,0.4224110866807227,0.6975889133192774,1.0,1.0,0.0,0.0,0.56,0.4224110866807227,0.6975889133192774,0.717948717948718,0.6048743315916525,0.8310231043057834,0.7202628197955055,0.5791784285430605,0.8613472110479506
PRE,biot,E+Q+L,0.7332433333333334,0.0656533579651125,0.6045651162575969,0.8619215504090698,0.7334426229508196,0.95,500,50,5,0,LeDell2015_influence_function_patient_cluster,0.5,0.0,0.5,0.5,patient_cluster_delta_method,1.0,0.0,0.56,0.4224110866807227,0.6975889133192774,1.0,1.0,0.0,0.0,0.56,0.4224110866807227,0.6975889133192774,0.717948717948718,0.6048743315916525,0.8310231043057834,0.7440387742115526,0.6052370759553095,0.8828404724677957
PRE,labram,E,0.67639,0.0596565640326839,0.5594652830545319,0.7933147169454682,0.6765573770491803,0.95,500,50,5,0,LeDell2015_influence_function_patient_cluster,0.5676948051948052,0.055582607537521,0.4587548962544394,0.676634714135171,patient_cluster_delta_method,0.7535714285714284,0.3818181818181818,0.59,0.471978266053086,0.7080217339469139,0.6205804514668429,0.886562405676014,0.2092348250061595,0.5544015386302041,0.6080691642651297,0.453455336656183,0.7626829918740764,0.6730462519936203,0.5525592872661116,0.7935332167211291,0.7232335513934416,0.5844658606261371,0.862001242160746
PRE,labram,E+L,0.7167866666666666,0.0620583528575573,0.5951545301259759,0.8384188032073573,0.7168032786885246,0.95,500,50,5,0,LeDell2015_influence_function_patient_cluster,0.5613636363636364,0.0567247080666929,0.4501852515193696,0.6725420212079032,patient_cluster_delta_method,0.7999999999999999,0.3227272727272727,0.59,0.4645316842896037,0.7154683157103963,0.6755675646747996,0.9244324353252004,0.1384473170474519,0.5070072284070934,0.6005361930294907,0.4469238407595264,0.754148545299455,0.6860643185298622,0.5661882594802811,0.8059403775794433,0.7659477402380562,0.6340232541973533,0.8978722262787592
PRE,labram,E+Q,0.7212466666666667,0.0652795720806047,0.593301056462495,0.8491922768708384,0.7219672131147541,0.95,500,50,5,0,LeDell2015_influence_function_patient_cluster,0.5066558441558442,0.0229166824310631,0.4617399719458186,0.5515717163658698,patient_cluster_delta_method,0.9678571428571427,0.0454545454545454,0.562,0.4273586053625667,0.6966413946374334,0.9059935077549416,1.0,0.0,0.1105900423628415,0.5634095634095635,0.4241434832807082,0.7026756435384187,0.7122207621550591,0.5978378848527136,0.8266036394574047,0.7478136415666377,0.6000756704026292,0.8955516127306461
PRE,labram,E+Q+L,0.7431233333333334,0.0660365821611911,0.6136940106352786,0.8725526560313881,0.7436885245901639,0.95,500,50,5,0,LeDell2015_influence_function_patient_cluster,0.5,0.0,0.5,0.5,patient_cluster_delta_method,1.0,0.0,0.56,0.4224110866807227,0.6975889133192774,1.0,1.0,0.0,0.0,0.56,0.4224110866807227,0.6975889133192774,0.717948717948718,0.6048743315916525,0.8310231043057834,0.7760238667082462,0.6383149049763344,0.913732828440158
PRE,cbramod,E,0.5770066666666667,0.0597990456338117,0.4598026909145285,0.6942106424188048,0.5756557377049181,0.95,500,50,5,0,LeDell2015_influence_function_patient_cluster,0.5702922077922078,0.0569710922504949,0.4586309188213287,0.6819534967630868,patient_cluster_delta_method,0.7178571428571429,0.4227272727272727,0.588,0.4736294257270635,0.7023705742729364,0.5961907712558975,0.8395235144583882,0.2354566988510292,0.6099978466035162,0.6128048780487805,0.4543855898349604,0.7712241662626005,0.6611842105263158,0.5446424332710111,0.7777259877816205,0.6509129458395009,0.5153743771553326,0.7864515145236691
PRE,cbramod,E+L,0.68269,0.0614075274841661,0.5623334577513808,0.8030465422486193,0.6823770491803278,0.95,500,50,5,0,LeDell2015_influence_function_patient_cluster,0.5711038961038961,0.0498448656839116,0.4734097545491929,0.6687980376585994,patient_cluster_delta_method,0.8785714285714284,0.2636363636363636,0.608,0.4825819061607466,0.7334180938392534,0.7794016823659735,0.9777411747768834,0.0952857098984433,0.431987017374284,0.6029411764705883,0.4559825973867099,0.7498997555544668,0.7151162790697675,0.6010459840771298,0.8291865740624051,0.7592167471711554,0.6356042052979249,0.8828292890443858
PRE,cbramod,E+Q,0.6656966666666667,0.0598666102827826,0.5483602666359175,0.7830330666974159,0.6655737704918033,0.95,500,50,5,0,LeDell2015_influence_function_patient_cluster,0.5,0.0,0.5,0.5,patient_cluster_delta_method,1.0,0.0,0.56,0.4224110866807227,0.6975889133192774,1.0,1.0,0.0,0.0,0.56,0.4224110866807227,0.6975889133192774,0.717948717948718,0.6048743315916525,0.8310231043057834,0.7336508897428479,0.597462674008278,0.8698391054774177
PRE,cbramod,E+Q+L,0.70855,0.0579864008148094,0.5948987428098694,0.8222012571901306,0.7088524590163935,0.95,500,50,5,0,LeDell2015_influence_function_patient_cluster,0.5202922077922078,0.0266877572327756,0.467985164787819,0.5725992507965965,patient_cluster_delta_method,0.9678571428571427,0.0727272727272727,0.574,0.4416700593026778,0.706329940697322,0.9246462486484308,1.0,0.0,0.1680001734553116,0.5705263157894738,0.430978323417498,0.7100743081614496,0.7178807947019868,0.6058499173594769,0.8299116720444968,0.771159459569755,0.6442340053518815,0.8980849137876284
POST,none,Q,0.762,0.0712458102327566,0.6223607778944218,0.9016392221055782,0.7622950819672131,0.95,500,50,5,0,LeDell2015_influence_function_patient_cluster,0.5503246753246753,0.0405680731137347,0.4708127130995675,0.6298366375497831,patient_cluster_delta_method,0.9642857142857144,0.1363636363636363,0.6,0.4642097119108631,0.7357902880891368,0.8955483419499352,1.0,0.0,0.2797644110892945,0.5869565217391305,0.4446679480305524,0.7292450954477085,0.7297297297297298,0.6156888769853294,0.8437705824741303,0.8158095238095239,0.6912806483729054,0.9403383992461424
POST,none,L,0.6668333333333333,0.0785721343234197,0.5128347798709871,0.8208318867956794,0.6680327868852459,0.95,500,50,5,100,LeDell2015_influence_function_patient_cluster,0.5,0.0,0.5,0.5,patient_cluster_delta_method,1.0,0.0,0.56,0.4224110866807227,0.6975889133192774,1.0,1.0,0.0,0.0,0.56,0.4224110866807227,0.6975889133192774,0.717948717948718,0.6048743315916525,0.8310231043057834,0.7611904761904762,0.6249485430195616,0.8974324093613908
POST,none,Q+L,0.7863333333333333,0.0638420798630601,0.6612051561036055,0.9114615105630612,0.7868852459016393,0.95,500,50,5,0,LeDell2015_influence_function_patient_cluster,0.6233766233766234,0.0552942389100262,0.5150019065604187,0.7317513401928281,patient_cluster_delta_method,0.9285714285714284,0.3181818181818182,0.66,0.5286970404473903,0.7913029595526098,0.8331792613154049,1.0,0.1235522947117996,0.5128113416518367,0.6341463414634146,0.4867099783262203,0.781582704600609,0.7536231884057972,0.6401155030435138,0.8671308737680806,0.8751984126984127,0.7860451200262554,0.96435170537057
POST,biot,E,0.6021766666666666,0.0610942366834231,0.4824341631041914,0.7219191702291418,0.6034426229508196,0.95,500,50,5,0,LeDell2015_influence_function_patient_cluster,0.5371753246753247,0.0437523116166031,0.4514223696664092,0.6229282796842401,patient_cluster_delta_method,0.8607142857142857,0.2136363636363636,0.576,0.4547277926899561,0.6972722073100437,0.7655884877472233,0.955840083681348,0.0709291117807821,0.3563436154919451,0.5821256038647343,0.4367908704098744,0.7274603373195943,0.6945244956772335,0.5811945333594756,0.8078544579949914,0.6524421231458695,0.4996652396310904,0.8052190066606486
POST,biot,E+L,0.7073333333333333,0.0569109512081774,0.5957899186393891,0.8188767480272774,0.7089344262295082,0.95,500,50,5,0,LeDell2015_influence_function_patient_cluster,0.5172077922077922,0.0393138741423537,0.4401540147960385,0.5942615696195459,patient_cluster_delta_method,0.907142857142857,0.1272727272727273,0.564,0.4331941709858602,0.6948058290141397,0.8159140561606368,0.9983716581250772,0.0030694892914833,0.2514759652539712,0.5695067264573991,0.4260935764107568,0.7129198765040413,0.6997245179063362,0.583689629019656,0.8157594067930163,0.7753802215880017,0.6515829202929108,0.8991775228830926
POST,biot,E+Q,0.6898333333333334,0.0666885898053595,0.5591260991350637,0.8205405675316031,0.6908196721311476,0.95,500,50,5,0,LeDell2015_influence_function_patient_cluster,0.4993506493506493,0.0419135288317111,0.4172016423755144,0.5814996563257843,patient_cluster_delta_method,0.8714285714285713,0.1272727272727273,0.544,0.41244450754265,0.67555549245735,0.7560443839991577,0.9868127588579848,0.0103097986190057,0.2442356559264488,0.5596330275229358,0.4143983042271066,0.7048677508187648,0.6815642458100559,0.5609221242308449,0.802206367389267,0.7408971790097143,0.6022221627763801,0.8795721952430485
POST,biot,E+Q+L,0.7398366666666666,0.0583345280929117,0.6255030925494196,0.8541702407839136,0.7415573770491803,0.95,500,50,5,0,LeDell2015_influence_function_patient_cluster,0.613474025974026,0.057024978012793,0.5017071228497632,0.7252409290982889,patient_cluster_delta_method,0.8178571428571428,0.409090909090909,0.638,0.5170665691157312,0.7589334308842688,0.6957887096850102,0.9399255760292756,0.2218299677313952,0.5963518504504228,0.637883008356546,0.4856214189268584,0.7901445977862336,0.7167449139280125,0.6006565911196722,0.8328332367363529,0.8271511505282915,0.7228740735621035,0.9314282274944794
POST,labram,E,0.5040733333333334,0.0504082532042892,0.4052749725293507,0.602871694137316,0.5055737704918033,0.95,500,50,5,0,LeDell2015_influence_function_patient_cluster,0.5366883116883117,0.0447743696839601,0.4489321596772678,0.6244444636993555,patient_cluster_delta_method,0.7142857142857143,0.359090909090909,0.558,0.458201066570882,0.6577989334291181,0.5985381111928858,0.8300333173785428,0.2271550866566472,0.4910267315251709,0.5865102639296188,0.4369262478234116,0.736094280035826,0.6441223832528181,0.531948868469529,0.7562958980361072,0.5827768498142524,0.4368523803239932,0.7287013193045115
POST,labram,E+L,0.5995633333333334,0.0581565776119166,0.4855785357498684,0.7135481309167985,0.6005737704918033,0.95,500,50,5,0,LeDell2015_influence_function_patient_cluster,0.5415584415584416,0.0374913970428306,0.4680766536244021,0.615040229492481,patient_cluster_delta_method,0.9285714285714284,0.1545454545454545,0.588,0.460660851827855,0.715339148172145,0.8526254739376224,1.0,0.0287261213462546,0.2803647877446545,0.5829596412556054,0.4410649060752628,0.724854376435948,0.7162534435261708,0.6037403003501256,0.828766586702216,0.65123916981262,0.5018177503599002,0.8006605892653398
POST,labram,E+Q,0.6183533333333333,0.0610041197013376,0.4987874558101412,0.7379192108565253,0.6198360655737705,0.95,500,50,5,0,LeDell2015_influence_function_patient_cluster,0.5262987012987013,0.0469247972110922,0.4343277887831149,0.6182696138142876,patient_cluster_delta_method,0.807142857142857,0.2454545454545454,0.56,0.4420108192833142,0.6779891807166859,0.699186515609742,0.915099198675972,0.096524953638204,0.3943841372708868,0.576530612244898,0.4282946267729289,0.7247665977168671,0.6726190476190476,0.5575168310517731,0.787721264186322,0.6746235042075294,0.5299297515382975,0.8193172568767613
POST,labram,E+Q+L,0.6743933333333334,0.0609320559407737,0.554968698185437,0.7938179684812298,0.675655737704918,0.95,500,50,5,0,LeDell2015_influence_function_patient_cluster,0.5985389610389611,0.0476122624028195,0.5052206415069642,0.691857280570958,patient_cluster_delta_method,0.8607142857142857,0.3363636363636363,0.63,0.5167622432954614,0.7432377567045386,0.7753621781474379,0.9460663932811334,0.1703869730190601,0.5023402997082126,0.6227390180878553,0.4771188013669528,0.7683592348087577,0.7226386806596701,0.6155811322000704,0.8296962291192698,0.7113972659367871,0.5691678079493212,0.853626723924253
POST,cbramod,E,0.62823,0.0555390562021822,0.5193754501083769,0.737084549891623,0.6287704918032787,0.95,500,50,5,0,LeDell2015_influence_function_patient_cluster,0.550487012987013,0.0367284322208344,0.4785006086255569,0.6224734173484691,patient_cluster_delta_method,0.8964285714285714,0.2045454545454545,0.592,0.4746847352384332,0.7093152647615667,0.8207249428774412,0.9721321999797016,0.0820826835668602,0.3270082255240488,0.5892018779342724,0.4475208491167022,0.7308829067518425,0.7110481586402266,0.601869098284632,0.8202272189958213,0.6529322710317537,0.5109387176082886,0.7949258244552188
POST,cbramod,E+L,0.6802466666666667,0.0604502253276934,0.5617664021670566,0.7987269311662767,0.6809016393442623,0.95,500,50,5,0,LeDell2015_influence_function_patient_cluster,0.5599025974025974,0.0412690534339758,0.4790167389959456,0.6407884558092491,patient_cluster_delta_method,0.9107142857142856,0.209090909090909,0.602,0.4788506106089278,0.7251493893910721,0.830085438034277,0.9913431333942944,0.0688444214966874,0.3493373966851307,0.5944055944055944,0.4515546551773806,0.7372565336338082,0.7193229901269395,0.6081472968711359,0.830498683382743,0.7008077738136393,0.5558479768806754,0.8457675707466032
POST,cbramod,E+Q,0.7021266666666667,0.0555427070376117,0.5932649612690882,0.8109883720642451,0.7034426229508197,0.95,500,50,5,0,LeDell2015_influence_function_patient_cluster,0.5530844155844156,0.0415524796771029,0.4716430519489613,0.6345257792198699,patient_cluster_delta_method,0.9107142857142856,0.1954545454545454,0.596,0.470812449813855,0.7211875501861449,0.8265181488128306,0.9949104226157408,0.0560207139283366,0.3348883769807542,0.5902777777777778,0.4471178692292373,0.7334376863263182,0.7162921348314607,0.6038388984745461,0.8287453711883753,0.7454858085822205,0.6168969669775293,0.8740746501869117
POST,cbramod,E+Q+L,0.7391666666666667,0.0549580588330334,0.6314508506936878,0.8468824826396457,0.7401639344262295,0.95,500,50,5,0,LeDell2015_influence_function_patient_cluster,0.6308441558441559,0.0441423552958568,0.5443267292715055,0.7173615824168063,patient_cluster_delta_method,0.9571428571428572,0.3045454545454545,0.67,0.5514586301492246,0.7885413698507755,0.9170187891500936,0.9972669251356204,0.1362269482226908,0.4728639608682182,0.6365795724465558,0.4954507359063789,0.7777084089867328,0.7646219686162625,0.6611446913415335,0.8680992458909915,0.7785977879019971,0.6590548221426342,0.8981407536613599
