patient_id,fold
0,1
1,3
2,3
3,4
4,1
5,4
6,2
7,2
8,3
9,1
10,1
11,0
12,3
13,0
14,0
15,0
16,4
17,4
18,4
19,1
20,0
21,1
22,2
23,3
24,3
25,0
26,4
27,2
28,3
29,0
30,2
31,1
32,3
33,0
34,2
35,0
36,4
37,3
38,2
39,4
40,1
41,2
42,1
43,4
44,2
45,0
46,4
47,1
48,2
49,3
50,2
51,3
52,0
53,4
54,4
55,3
56,2
57,4
58,1
59,0
60,1
61,3
62,4
63,3
64,2
65,0
66,2
67,3
68,1
69,3
70,2
71,2
72,2
73,4
74,1
75,1
76,4
77,4
78,0
79,3
80,1
81,4
82,1
83,2
84,3
85,0
86,4
87,0
88,3
89,1
90,1
91,3
92,0
93,4
94,0
95,2
96,1
97,0
98,2
99,0
